die	diehard, death, person, remorse, resurgence, dieassassination, dieassembly, dieagainst, diedifficulty, dieassumption, unrecorded, dieasnothing, diein, illhealth, unresolved, unrepeatable, unrepentant, dieasnoon, diebelief, unrecovery
win	winner, odds, dis, term, player, option, dispute, nominee, law, point, evidence, division, opponent, doubt, impartiality, assumption, contender, assignment, pearson, other
survive	survivor, survivors, survival, success, successor, insurance, result, assumption, resurrection, distribution, disaster, disambiguation, survivorresurrection, survivorsurvivor, survivorresurvivor, survivorsuccess, survivorresult
be	bet, being, betrothal, betrayal, beetle, bewilderment, presence, betwenment, beyond, betwixt, betweener, betwenth, betwender, benifits, betwetherment, betwenship, behestment, betwener, betonhale, beyonder
fail	failure, disaster, disruption, disappointment, distribution, disappearance, disambiguation, failinfailure, failinfailment, failintodozen, failinappoinment, failinresponsibility, failinresponse, failinappointee, failinassignment, failinassault, failintorespons, failincomprehension, failintruth, failintolerance
succeed	successor, action, nominee, assignment, governor, indication, successorresponsal, successorresponse, successorresponsibility, successoroverarchion, successoroverarchitect, successorresponsibilty, successorreceipt, successoroverarchial
live	liver, livery, livelihood, living, life, errand, ancestry, erection, absentee, errands, erroneousness, livein, liveed, liveer, liveeth, livability, liveee, livable, liveeig, livee
pass	pass, passover, passer, passing, passage, passivity, passenger, identification, passee, passfail, passangerment, passthrough, passivation, passiment, passfailer, passeion, passament, passeivation, passfailment, passeig
cry	cry, crying, crypt, cries, out, remembrance, recollection, resuscitation, criedout, crypty, cryptia, cryation, cryptism, cryer, crymation, cryptiation, cryptomania, criedover, cryasm, cryptie
do	doer, doom, doss, dose, dodo, dossier, dormancy, dovetails, domination, job, action, doityourself, doityourselfer, done, doing, dormant, dosing, doitityourself, doover, doitforyourself
know	knower, knowledge, naysayer, saber, savanna, narrator, saint, satellite, apprehension, naysayers, naysaying, knowitall, knowee, savunma, knowhow, savunmation, knownothing, sacrificial, nayknowledge, naytoknow
fall	fall, faller, delusion, reversal, repulsion, demise, recurrence, resurgence, devastation, resumption, dispersion, deterioration, repercussion, disintegration, fallsuccess, fallresult, disobedi, fallrecklessness, remors, fallresistance
leave	leave, leaver, eagle, detainee, departure, elimination, eloquence, emigrant, elision, emancipation, delinquent, delinquency, eviction, ecclesi, eloquent, ejectment, elcution, exitee, elcation, elosion
work	work, worker, term, action, instruction, employment, workerinresidence, instructee, instructment, intentional, instructive, verbal, consequential, workerintraining, workerinchief, otherwise, workerworker, deliberate, workermanager
come	comeback, resale, driving, reversal, decision, recurrence, resumption, resurgence, remembrance, reelection, disambiguation, disposition, distribution, resalation, recommence, comebackdepartment, restraining, recommission, comebackdeath
not	notary, notation, notification, nonexistence, nonattendance, noncompliance, nonconformity, nonresponsibility, nonresponse, notarization, nondiscrimination, nondisappearance, nondisappointment, nondisclosure, nonresponsible, nonresponsal, nondistribution, nonnomination, nondisappoinment, nonresult
lose	loss, load, looseness, loathing, action, effort, result, response, control, funds, punishment, results, disclosure, evidence, decision, possession, maintenance, restriction, distribution, disappearance
return	return, resumption, resale, reversal, remittance, resurgence, remittances, reunification, resuscitation, thief, returnee, to, interchangeably, resequence, resalation
bite	bite, bribery, sneeze, snafu, etiquette, opinion, sneezing, snatch, punishment, disposition, slapstick, aficionados, disambiguation, resemblance, restraining, aficionnement, erroneous, aficion, aficionment, snafusal
explode	explosion, explosive, explosives, device, vehicle, fuel, building, weapon, substance, or, gas, in, detonation, dismantling, explosiveness, exploding, ignited, extingu, incinerated, explod
answer	answer, formal, grammar, spelling, derogation, derivation, information, answeree, answerresponse, answerresponsal, answerresponsibility, answerrepounciation, answerreply, incorrectly, informal, answerresponsibilty, answerrespondency, answerresult
disappear	disappearance, disappearances, disappointment, disambiguation, dissolution, dissipation, death, deadline, or, disappointing, disappointingment, deappointment, dissidentship, dissapearance, disappoinment, disappearancedecapitation, dissappointment, disappearancedetection, disapprehance
try	try, tryout, tryst, tryouts, trial, attempt, etiquette, elimination, tryer, tryes, tryevation, trypanoon, trypanoeuthanasia, trypanoeuasis, trypanoeuphoria, trypanoeutism, tryptie, tryee, tryptiation, trypanosis
tell	teller, telling, tidbit, tidbits, rebuttal, retort, remark, resale, adversity, admonition, apprehension, repercussion, hocrypt, hocrystallization, reseasance, anunciation, hocrystallisation, resequence, reselection
stay	stay, status, resale, parent, child, father, family, resumption, resuscitation, stayedathomeperson, resassment, stayedathomeparent, stayathomeparent, resassignment, reselection, stayedathomeman, restraining, stayathomecare, stayedathome, stayedathomeapparent
fly	flight, airliner, or, pilot, driving, aircraft, attendant, tailgates, procedure, distribution, disambiguation, flightee, to, flighter, determines, is
happen	happening, happenstance, happenance, happennce, happenncy, happene, happenence, happenee, happenry, happenr, happennment, happennt, happence, happenonment, happen, happeneal, happenment, happenece, happeneon, happenndous
go	go, goad, goer, goes, goon, gore, goth, gothic, gospel, gopher, goahead, goaway, gobernation, gouvernment, gobernment, gouvernement, goagainst, goround, away, gehenee
help	help, helper, formal, assumption, diplomacy, assignment, disbursement, disappointment, helpresponse, helpresponsibility, helpresponsal, helpreceipt, informal, helpresponsibilities, helpresponsibilty, helpresponsible, helprepoyalty, against, helpresponsibleness, helprepoyment
sue	sue, sues, suet, lawsuit, action, behavior, repercussions, repercussion, suee, suey, suerte, suerty, suicidal, suete, suertification, sueer, sueance, suidament, sueback, suie
respond	response, responsibility, recital, assumption, speech, tenure, assignment, covenant, language, intermediate, disambiguation, responseresponse, responseresponsal, responsal, responsiblity, verbal, responseresponsibility, informal, responsible, repaction
remember	remembrance, remembrances, reminiscence, rest, recall, recusal, reassembly, memorial, mourning, commemoration, disambiguation, reme, remembr, remembranceremembr, remembrancee, rememberance, rememberment
run	run, runaway, rundown, runup, runner, runoff, rune, runners, running, race, driver, player, errand, leader, runin, runer, runofthemill, runthrough, runout, runover
change	change, be, repair, time, minor, number, as, over, in, reversal, permanent, repairs, process, alteration, amendment, modification, discontinuance, remedie, mechanical, remedial
eat	eater, eating, eatery, food, meal, eatin, eatout, eatback, eatup, eatalfalfa, eatyourself, eatthrough, eat, eatbydelivery, eatby, eatalreadydone, eatbyproduct, eatineatout, eatal, eatbydecoration
last	last, lifespan, longevity, resale, effort, effect, status, lasting, lastdistance, lastdishonour, lastdishonoon, lastdishonesty, lastdishonor, lastdishonored, lastditchery, lastdozen, longlasting, longterm, lastdistribution, lastdeparture
too	toot, toots, tooth, too, tootsy, tootsie, tootsilver, tootsicle, tootsia, tootsey, tootsfield, tootsleep, tootsies, tootslaughter, tootsbridge, tootselton, tootsleeve, tootslooper, tootsel, tootslery
miss	miss, misses, missal, missus, missive, mission, missouri, misspelling, misshapenness, misshapen, misshapenry, missooon, misshapenment, misspenty, mississance, missation, misshapeny, missooty, misshappenment, misshape
pay	payment, principles, terms, law, forth, recital, service, order, conditions, engagement, the, recitalphal, thereof
listen	listener, listeners, listening, ie, audience, auditor, hearing, disambiguation, discipline, distribution, disclaimer, listen, listenerlistener, intentional
retire	retirement, parole, tenure, action, tradition, probation, number, maintenance, ownership, assignment, withdrawal, employment, to, spent, the, when
suffer	sufferer, suffering, sufferance, suffrage, intent, behavior, remorse, thought, behaviour, resentment, recompense, affliction, treason, remembrance, remuneration, repercussion, resuscitation, repercussions, sullenment, restraining
understand	understanding, assumption, ownership, discipline, assignment, disapproval, interpretation, consent, discourse, comprehension, disambiguation, understander, assumement, assumed
have	have, haven, haste, heave, heir, holder, heiress, heaviness, owner, avenger, disease, interest, ownership, possession, apprehension, admonition, fertilizer, heavier, avengerment, heterogeneous
starve	starvation, savagery, disaster, disease, disorder, disgust, debauchery, resurgence, food, deprivation, depletion, dehydration, dissolution, thereof, disappointing, dissatisf, disappoint, starvationstarvation
recover	recovery, recuperation, resumption, reversal, rediscovery, reassembly, redistribution, reacquiescence, reacquittal, reacupuncation, reacupuncture, reaccusation, reaccretion, rerecovery, reaccountability, reaccalation, reacquisition, reacquirement, reacquisment, reaccelation
learn	learner, learning, lead, leader, assumption, assignment, academics, advice, discipline, instruction, tradition, distribution, learnee, learnerreceiver, against, doesn
wait	waiter, waitress, waiterwaiter, waiterinwaiter, waiterwaitress, waiterperson, waitergeneral, to, etc
rise	rise, rising, relation, death, fall, increase, deafness, decade, risedeath, increasement, risedeclination, risedeflection, risedeafness
see	see, seeing, sight, sauna, resale, view, vision, vesicle, interest, opinion, admonition, conclusion, apprehension, erroneousness, interpretation, seeer, resequence, reselection, reseasance, vesiment
scream	scream, screamer, screaming, screams, sound, person, over, out, utterance, oath, response, screamedout, screamed, loud, screamedon, upon, louder, screamedover, on, screamedinyour
talk	talk, talker, period, view, formal, discussion, disambiguation, discussions, is, verbal, talkee, informal, speaks, discussation
laugh	laugh, laughs, laugher, laughter, caution, errand, errands, erroneousness, laughoutloud, erroneous, laughinthedisgust, laughinthedark, laughinyourface, laughinthedarkness, loud, erroneously, laughinthemoment, laughoutcome, laughinthedozen, laughinthebrain
remain	remainder, restraint, retirement, abandonment, death, permanent, department, loss, parole, maintenance, withdrawal, dissension, accidental, dissolution, disclosure, disengagement, intentional, deliberate, pearson, dissatisf
strike	strike, striker, retaliation, remorse, resale, order, player, etiquette, reversal, resurgence, apprehension, repercussion, recurrence, repercussions, equivalence, aficionados, striketee, strikee, elapsement, strikeree
say	say, saying, statement, word, egg, person, remark, hearing, admonition, sayer, sayovertheearth, hocrystallization, sayovertheedges, hocrypt, sayee, hocrystallisation, sayoveralmanac, hocation, sayoverunderunderunder, hocrumption
burn	burner, burning, blaze, out, fire, down, item, part, vehicle, object, product, vessel, material, substance, combustion, burntout, burnout, burnt, burntdown
stop	stop, stoppage, stopover, stopping, stopgap, seizure, detention, dissension, dismantling, stopresponse, stopandgoal, stopandresponse, stopdisappointment, stopsake, stopandresist, dismantle, stopandfrisk, stopshutdown, stopdiscontinuation, stopresponsal
follow	follower, followup, followers, censure, etiquette, etymology, equivalence, followee, followon, followover, followed, followthrough, followangerment, ceter
graduate	graduation, grade, degree, honoree, diploma, student, certificate, advisor, doctorate, exchange, dissertation, diplomas, thesis, deferment, detention, institution, graduatingee, graduating, diplomadiploma, diplomaty
break	break, breaker, breakup, breakdown, breaking, breakage, breakaway, resale, order, syringe, receptacle, resemblance, syllogism, breakin, syllabic, resequence, syphony, clension, esoteric
quit	quitter, quitters, quintal, quintuple, quintuplet, quinquennium, resignation, quinquennament, quinquennation, quinnipulation, quinquennitue, quinquennitiation, quinquennitus, quintupee, quinquenciation, quitting, quinquennitia, quinquennuation, quinquennaion, quinquennae
lie	lie, libel, liar, resale, oath, realism, omission, dissension, recollection, resemblance, perjury, ambiguity, deception, erroneousness, illogicalness, liesleep, restraining, erroneous, erroneously, liesacredness
finish	finish, finisher, finishes, finishing, completion, distribution, product, assumption, apartment, department, incompleteness, finishee, finisheer, finishet, finishees, finishe, finishem, finished, finishement, finishel
smile	smile, smiler, smiles, remorse, gesture, resemblance, rejoicing, remembrance, reminiscence, smileovertheshoulder, rejoicance, smileoverpearance, smileoverthebrain, rejoication, smileovertheearth, smileoverpeasant, smileovertheenvelope, smileoverthehand, smileoverpeasants, smileovertheeye
deliver	delivery, instrument, thephalogram, deliveryreceipt, thephalogenesisphal, thephalopyeus, thephalompic, thephalopygmy, thephalopylchory, thephalopylae, paar, thephalopyet, thephalopyetal, thephalopyeia, thephalopaedic, thephalopylchondro, thephalopyei, thephalomia, thephalonium, thephalogenesis
ask	asker, asking, adolescent, apprehension, anastomosis, question, questions, interviewee, askee, anasesthesia, anasesthetization, anayasm, anayasada, anasesthetia, anasesthete, anastasia, anayastment, anayastus, anayasy, anayasa
hurt	hurt, hurting, pain, injury, person, injuries, behavior, diplomacy, displeasure, disfigurement, hurtresponse, hurtresponsibility, hurtinjury, hurtresult, injuryinjury, hurtness, hurtinjuries, hurtresponsible, hurtinjured, hurtinjurement
end	end, ending, endangerment, time, resale, reversal, remuneration, remembrance, resumption, relationship, resemblance, disambiguation, endoflife, endoftheyear, resalation, remuner, endossment, reselection, endofthelife, endoftheworld
stick	stick, sticker, stickiness, stance, object, repulsion, material, adherence, pigeon, stickery, sticking, stickedup, stickedon, sticket, stickee, sticked, stickedonsticker, stickedinthewall, stickedout
walk	walk, walker, walking, walkers, walkee, walkiecomeback, walkiecomedy, walkiecompanion, walkedin, walked, walkiecomedown, walkiecompulsor, walkiecomparison, walkiemachine, walkiecometisation, walkieman, walkedinwalking, walkiecometization, walkedout, walkedover
explain	explanation, explanations, assumption, primary, speech, recital, information, assignment, interpretation, discussion, clarifications, disclosure, clarification, recitalphal, explainer, askment, etc
call	call, caller, response, officer, receiver, responsibility, disambiguation, callerresponse, callerresponsible, callerresponsal, responsible, callerresponsor, callee, responsal, callerresponser
perish	persecution, persuasion, persecutors, perseverance, perspicuousness, perishment, persecuzione, perishance, persecuution, persecución, persoacency, persoapment, persecutement, persoac, persoacance, persoalation, persoacment, persecutive, persecusion, perspicuous
apologize	apologies, apology, remembrance, remorse, reprimand, remuneration, remployment, reponsiblishing, reponsion, rembolsment, rembolsation, remboldation, remboldment, apologization, remboursal, apologetic, rembolsion, apologyrepologization, apologyrepentance
prevail	prevarication, prerogative, presumption, premonition, predominance, prejudgment, preponderance, precariousness, preconception, presupposition, supremacy, victory, prevalance, prevailed, prevalee, prevailer, prevaileer, prevail, prevalescence, prevailee
kill	killer, killing, murderer, crime, doss, doom, dossier, tyranny, execution, disguise, executioner, accomplice, distribution, dismemberment, doesnt, disguisement, dood, doose, exist, disguissment
sleep	sleep, sleeper, sleeping, slumber, bed, de, life, being, errand, reversal, caution, apprehension, erroneousness, erroneous, nocturnal, erroneously, of, elapsement, sleepewakenment, the
disagree	disagreement, disapproval, disassembly, disambiguation, disappearance, dissatisfaction, displeasure, dissension, difficulty, difference, the
vomit	vomit, vomiter, odour, osmosis, ointment, suckling, sanitization, ossification, vomitee, vomition, vomitation, vomite, vomitees, oosiness, oodling, oectober, oosis, vomitor, vomiteer, vomitment
write	writer, state, cricket, cricketer, scribe, claim, person, reader, editor, matter, opinion, assignment, assumption, narrative, novel, play, assertion, statement, opinions, engraver
fold	fold, folder, folding, lint, clone, libel, reversal, dilution, liiiiion, liiiion, liiion, folded, liason, liiiiiion, foldee, licensor, liiiiie, liiiiition, lidded
speak	speaker, speech, parliament, oral, formal, action, disambiguation, audience, delegate, discussion, informal, verbal, speakeasnment, speakeasment
suffice	sufficiency, suffixes, suffix, resale, remuneration, resemblance, resumption, requisition, recompense, suffince, suffice, suffices, sufficee, sufficience, sufficement, suffixee, suffiance, sufficeience, requiescension
drown	dismemberment, decapitation, person, eagle, boat, remembrance, drowning, drowned, drownment, drownee, drown, drowner, suffoc, dreaded, drownedinwater, decapitated, unintentional, drownedindisgust, drownedindisgui, elapsement
exist	existence, assumption, state, action, status, process, assignment, astronomy, disclosure, distribution, disambiguation, existance, inexistention, intentional, existenciation, inexistentia, inexistentialism, inexistential
teach	teacher, instruction, academics, distribution, assignment, academic, academies, instructor, disambiguation, instructment, instructee, instructionals, instructional, instructive
agree	agreement, agreeableness, arrangement, compromise, offer, motion, disagreement, opinion, resolution, consensus, conclusion, rejection, agreementee, agreeable, agreemention, agreementnment, agreeance, upon
care	care, caretaker, caregiver, caretakers, caring, concern, custodian, person, resale, decision, details, opinion, opinions, depreciation, remembrance, caretake, dept, akinment, custodialee, etc
collapse	collapse, combustion, commination, clumsiness, collapsiation, collapsation, collapsia, collapsing, collapsion, comminament, collapsio, collapsión, collapsible, comminuation, colossation, comminution, collapsance, comminue, colossal, collapsiment
never	never, nevertobelived, neverending, neverdoityourself, nevertobealive, nevertobesucce, nevertoberetired, nevertobetrusted, nevertobeforgettable, nevertobemissed, nevertobeneces, nevertobelost, nevertobereturned, nevertobenone, nevertobeforgotten, nevertobemarried, nevertobedelivered, nevertonothing, nevertobenothing, nevertobenever
protest	protest, protester, protestant, repression, rebuttal, dissension, debauchery, defamation, defecation, displeasure, recrimination, protesteer, protestee, protested, defiant, defensible, defamatory, defestation
sing	singer, single, singing, singalong, songwriter, arranger, musical, musician, singerinresidence, singerinreside, singeractress, singerinresidency, singersongwriter, singerinstitution, singervocee, singervocalist, singerintraining, musiciansinger, musicianvocer, musicianvocalist
vanish	vandalism, disappearance, death, invasion, evidence, initiation, reappearance, inheritance, vanishment, vanishance, vanishee, vanishement, vandalization, vandalisation, vanished, disappea, indistinguishably, indistinguishment
decide	decision, disclosure, difference, recital, term, opinion, process, speech, procedure, action, formal, principal, principle, covenant, subdivision, the, politization, informal, verbal
triumph	triumph, pursuit, event, action, events, intimidation, speech, act, circumstance, activity, circumstances, displeasure, politiion, intrinsing, intrinsence, intrinsance, intrinsment, intrinsation, politism, intriguing
resign	resignation, restraint, restatement, officer, parole, service, president, probation, delegate, official, leadership, effort, execution, vacancy, performance, enthusiasm, management, department, superintendent, resign
testify	testimony, disclosure, rebuke, rebuttal, speech, oral, formal, deliberation, proceedings, document, disposition, distribution, disambiguation, probationary, testimonyresponse, testimonyresponsal, informal, consequential, otherwise, testimonyresponsibility
count	counter, countess, censure, liquor, la, etiquette, elimination, equivalence, countered, equivalee, counteress, counterese, détat, counteree, countererendum, ceter, counteres, dinstruction, licensor, liquary
drink	drinker, drinking, drinkers, driving, beverage, resale, sommelier, remembrance, intoxication, liquoree, drinkerdrinker, drinkage, drinkerconsumer, drinkerconsumption, resevoir